Card Name,Color,Mana Cost,Mana Value,Rarity,Card Type,Power,Toughness,J2SJosh Rating,Scryfall URL,Image URL
Ajani Unrelenting,Red,{4}{R}{R},6,Mythic,Legendary Planeswalker — Ajani,,,5.0,https://scryfall.com/card/fra/242/ajani-unrelenting,https://cards.scryfall.io/normal/front/b/c/bc3c096f-7f6c-474c-a2c8-75d3e6ddd6f5.jpg?1788329317
"Garruk, Curse Breaker",Green,{3}{G}{G},5,Mythic,Legendary Planeswalker — Garruk,,,5.0,https://scryfall.com/card/fra/259/garruk-curse-breaker,https://cards.scryfall.io/normal/front/9/0/90ca5812-ceb5-46bd-b049-aed7ff10e6af.jpg?1788329370
"The Theorist, Jace Beleren",Blue,{2}{U}{U},4,Mythic,Legendary Planeswalker — Jace,,,5.0,https://scryfall.com/card/fra/43/the-theorist-jace-beleren,https://cards.scryfall.io/normal/front/2/0/20bb8c55-4b0b-425f-8201-b54fa2fdde86.jpg?1788329228
Aerid Konstrari,Multicolor (Red/Green),{1}{R}{G}{G},4,Mythic,Legendary Creature — Elder Sphinx,5,4,4.5,https://scryfall.com/card/fra/121/aerid-konstrari,https://cards.scryfall.io/normal/front/f/1/f17d2792-b075-4c47-ad38-e7a7eaee5f8c.jpg?1788878199
"Chandra, Torch of Defiance",Red,{2}{R}{R},4,Mythic,Legendary Planeswalker — Chandra,,,4.5,https://scryfall.com/card/fra/244/chandra-torch-of-defiance,https://cards.scryfall.io/normal/front/4/0/40cb22c8-cb03-45c9-bb0e-b8cabdcc43cd.jpg?1788329325
Denzilore Fatehold,Multicolor (White/Blue),{1}{W}{U}{U},4,Mythic,Legendary Creature — Elder Sphinx,3,4,4.5,https://scryfall.com/card/fra/128/denzilore-fatehold,https://cards.scryfall.io/normal/front/9/8/986f9e98-9d8d-428b-9187-860745cf3269.jpg?1788878215
"Garruk, Veiled Butcher",Black,{3}{B}{B},5,Mythic,Legendary Planeswalker — Garruk,,,4.5,https://scryfall.com/card/fra/229/garruk-veiled-butcher,https://cards.scryfall.io/normal/front/d/4/d48bfb8a-d135-45f3-be99-4694b4b9ab93.jpg?1788329269
Ingris Stingerquill,Multicolor (Black/Red),{B}{R}{R},3,Mythic,Legendary Creature — Elder Sphinx,1,4,4.5,https://scryfall.com/card/fra/137/ingris-stingerquill,https://cards.scryfall.io/normal/front/6/4/6471b135-33a8-4005-9a07-ebb74e0bf145.jpg?1788878212
Kwia Vigorbloom,Multicolor (White/Green),{3}{G}{W}{W},6,Mythic,Legendary Creature — Elder Sphinx,6,6,4.5,https://scryfall.com/card/fra/140/kwia-vigorbloom,https://cards.scryfall.io/normal/front/2/d/2d6ff182-a853-4898-895b-072c89324ca7.jpg?1788878236
Uldaros Theorix,Multicolor (Blue/Black),{3}{U}{B}{B},6,Mythic,Legendary Creature — Elder Sphinx,5,5,4.5,https://scryfall.com/card/fra/159/uldaros-theorix,https://cards.scryfall.io/normal/front/a/7/a7ad622a-42ff-48fa-ae95-12e0a5bd9387.jpg?1788878220
Verdant Kraken,Green,{4}{G}{G}{G},7,Rare,Creature — Plant Kraken,6,6,4.5,https://scryfall.com/card/fra/118/verdant-kraken,https://cards.scryfall.io/normal/front/2/b/2bb7a8eb-227f-410b-859f-750ef0aea2f0.jpg?1789644841
Ajani's Anguish,Red,{X}{R},1,Rare,Enchantment,,,4.0,https://scryfall.com/card/fra/72/ajanis-anguish,https://cards.scryfall.io/normal/front/d/9/d9039a58-2f17-4b8a-b714-3a2f0b46f057.jpg?1789470674
Avatar of Burgeoning Echoes,Multicolor (Blue/Green),{G}{U},2,Mythic,Creature — Avatar,2,3,4.0,https://scryfall.com/card/fra/122/avatar-of-burgeoning-echoes,https://cards.scryfall.io/normal/front/5/9/5905995b-7a20-4602-a7cc-90aa5089a082.jpg?1788878208
Curse-Marred Demon,Red,{2}{R}{R},4,Rare,Creature — Demon,4,4,4.0,https://scryfall.com/card/fra/79/curse-marred-demon,https://cards.scryfall.io/normal/front/8/f/8f827e50-0a08-4bc8-98b1-b26c9af15ef2.jpg?1789470818
Draconic Visitor,Red,{3}{R}{R},5,Rare,Creature — Dragon,5,5,4.0,https://scryfall.com/card/fra/80/draconic-visitor,https://cards.scryfall.io/normal/front/1/1/112f8478-bd89-4a14-9721-8ab750613129.jpg?1789470842
Guiding Hydra,White,{X}{W},1,Rare,Creature — Hydra Horror,1,0,4.0,https://scryfall.com/card/fra/11/guiding-hydra,https://cards.scryfall.io/normal/front/a/5/a53eb840-039d-4c45-b701-d58cb26b1a6c.jpg?1789644816
Hungering Puppetbeast,Green,{3}{G}{G},5,Rare,Artifact Creature — Beast Construct,5,5,4.0,https://scryfall.com/card/fra/107/hungering-puppetbeast,https://cards.scryfall.io/normal/front/3/d/3db2da7a-8088-4117-916b-f9c905d1b45b.jpg?1789127646
Kiora of Fire and Ashes,Red,{4}{R}{R},6,Uncommon,Legendary Creature — Merfolk Noble,2,2,4.0,https://scryfall.com/card/fra/247/kiora-of-fire-and-ashes,https://cards.scryfall.io/normal/front/0/8/08657053-86f9-4c52-abf0-d9cdd443ae3b.jpg?1789127995
Lich's Relic,Black,{B},1,Rare,Artifact — Equipment,,,4.0,https://scryfall.com/card/fra/57/lichs-relic,https://cards.scryfall.io/normal/front/b/1/b105511d-5022-4a84-b6ce-4bb433e93a62.jpg?1789644819
Liliana the Faultless,White,{W},1,Rare,Legendary Creature — Human Cleric,1,1,4.0,https://scryfall.com/card/fra/200/liliana-the-faultless,https://cards.scryfall.io/normal/front/7/0/70d8c400-87dc-4f15-808f-e54a95d779fc.jpg?1788329194
Null Summoner,Multicolor (Blue/Black),{2}{U}{B},4,Rare,Creature — Human Warlock,4,2,4.0,https://scryfall.com/card/fra/142/null-summoner,https://cards.scryfall.io/normal/front/3/a/3afdc75a-1bf5-4f2f-84eb-d82f77a095cd.jpg?1789127648
Overwrite the Multiverse,Black,{4}{B}{B},6,Mythic,Sorcery,,,4.0,https://scryfall.com/card/fra/59/overwrite-the-multiverse,https://cards.scryfall.io/normal/front/c/4/c4554f5b-791b-48f6-bf54-ad28699e1beb.jpg?1788952080
Proctor of Potential,Multicolor (White/Blue),{W}{U},2,Rare,Creature — Human Cleric,3,1,4.0,https://scryfall.com/card/fra/145/proctor-of-potential,https://cards.scryfall.io/normal/front/c/f/cf0eec8c-0475-4050-8144-481a9bb13a0f.jpg?1789127661
Rise of the Deathbringer,Black,{4}{B},5,Rare,Instant,,,4.0,https://scryfall.com/card/fra/63/rise-of-the-deathbringer,https://cards.scryfall.io/normal/front/8/1/811719ad-b5a3-4d31-8c6f-5dbdfccf7c1f.jpg?1789470807
"Saheeli, Jewel of Avishkar",Multicolor (Blue/Red),{2}{U}{R},4,Uncommon,Legendary Creature — Human Artificer,2,4,4.0,https://scryfall.com/card/fra/275/saheeli-jewel-of-avishkar,https://cards.scryfall.io/normal/front/2/8/28d84ef6-e190-46d4-882d-1cea5e111e2a.jpg?1789644883
Sanctum Lurker,Black,{2}{B},3,Rare,Creature — Horror,3,2,4.0,https://scryfall.com/card/fra/64/sanctum-lurker,https://cards.scryfall.io/normal/front/2/1/2185c08f-bb4d-49d5-8b6c-c629a48bb61c.jpg?1789556729
Seasoned Cryomancer,Blue,{1}{U}{U},3,Mythic,Creature — Human Wizard,2,2,4.0,https://scryfall.com/card/fra/38/seasoned-cryomancer,https://cards.scryfall.io/normal/front/5/1/51d86875-420d-4e82-b69c-4feeb99c9428.jpg?1789470781
Simulacrum Shaper,Green,{1}{G}{G},3,Rare,Creature — Elf Druid,2,2,4.0,https://scryfall.com/card/fra/113/simulacrum-shaper,https://cards.scryfall.io/normal/front/7/c/7c725702-8696-4e5a-8318-62f5e2616d52.jpg?1789470857
Sphinx of False Conclusions,Blue,{2}{U}{U},4,Rare,Creature — Sphinx Illusion,4,2,4.0,https://scryfall.com/card/fra/40/sphinx-of-false-conclusions,https://cards.scryfall.io/normal/front/0/8/08ffbd51-2bd3-4262-8809-09576ce2b6f5.jpg?1789385594
Stingcaster Mage,Red,{1}{R},2,Mythic,Creature — Human Wizard,2,1,4.0,https://scryfall.com/card/fra/93/stingcaster-mage,https://cards.scryfall.io/normal/front/2/d/2d8e8e5f-3bf5-490d-aa9c-9df2b26f1460.jpg?1788329303
The Echoverse Fulcrum,Colorless,{2},2,Mythic,Legendary Artifact,,,4.0,https://scryfall.com/card/fra/169/the-echoverse-fulcrum,https://cards.scryfall.io/normal/front/d/7/d71d250f-c0e0-44b2-877c-76f3bcab4f34.jpg?1789385887
"Vraska, the Cutting Glare",Multicolor (Black/Green),{B}{B}{G},3,Rare,Legendary Creature — Gorgon Assassin,4,4,4.0,https://scryfall.com/card/fra/278/vraska-the-cutting-glare,https://cards.scryfall.io/normal/front/5/c/5c28b012-5efb-488f-a1c1-09e2dddfd6ee.jpg?1789127776
Ajani Resolute,White,{1}{W},2,Mythic,Legendary Planeswalker — Ajani,,,3.5,https://scryfall.com/card/fra/195/ajani-resolute,https://cards.scryfall.io/normal/front/a/5/a5e1a7dd-8c49-4435-935c-bcc78704082b.jpg?1788329189
Bloodline Recollector // Ancestral Craving,Black,{1}{B},2,Mythic,Creature — Vampire Warlock,2,2,3.5,https://scryfall.com/card/fra/49/bloodline-recollector-ancestral-craving,https://cards.scryfall.io/normal/front/4/f/4fcc913e-f736-460a-b24b-022fa2e861b9.jpg?1788329264
Bloombrute,Multicolor (White/Green),{2}{G}{W},4,Uncommon,Creature — Plant Elemental,4,4,3.5,https://scryfall.com/card/fra/124/bloombrute,https://cards.scryfall.io/normal/front/6/b/6b804503-9c70-4b1f-bb13-a65fb6dd3ef8.jpg?1789644843
"Chandra, Chill of Compliance",Blue,{1}{U}{U},3,Mythic,Legendary Planeswalker — Chandra,,,3.5,https://scryfall.com/card/fra/212/chandra-chill-of-compliance,https://cards.scryfall.io/normal/front/2/4/240f58ab-944c-4f4c-9df9-5f40b132bf3e.jpg?1788329242
Clash of Elements,Multicolor (Blue/Red),{1}{U}{R},3,Uncommon,Instant,,,3.5,https://scryfall.com/card/fra/126/clash-of-elements,https://cards.scryfall.io/normal/front/b/6/b61bcef7-5832-45e6-a2bc-26d4f23707fc.jpg?1788878210
Craftwork Crusher,Multicolor (Red/Green),{3}{R}{R}{G}{G},7,Uncommon,Artifact Creature — Boar Construct,7,5,3.5,https://scryfall.com/card/fra/127/craftwork-crusher,https://cards.scryfall.io/normal/front/0/3/03f9839c-aa07-4ee7-847b-091e47ab80c4.jpg?1789470711
Craterclaw Colossus,Red,{4}{R}{R}{R},7,Mythic,Artifact Creature — Beast Construct,5,5,3.5,https://scryfall.com/card/fra/78/craterclaw-colossus,https://cards.scryfall.io/normal/front/4/7/47793a51-08c6-4ad2-a7e5-a4484d83a5cd.jpg?1788329298
Desperate Futurescribe,Multicolor (White/Blue),{2}{W}{U},4,Uncommon,Creature — Kor Scout,3,4,3.5,https://scryfall.com/card/fra/129/desperate-futurescribe,https://cards.scryfall.io/normal/front/c/f/cfaa3ebd-5c21-4e99-a0dd-8426d19b53a5.jpg?1789644852
Enlightened Confidant,White,{1}{W},2,Mythic,Creature — Kor Cleric,2,1,3.5,https://scryfall.com/card/fra/5/enlightened-confidant,https://cards.scryfall.io/normal/front/4/8/483fcc58-cc6e-4452-a696-7b38e117c837.jpg?1788329184
Extended Absence,Black,{3}{B},4,Common,Instant,,,3.5,https://scryfall.com/card/fra/54/extended-absence,https://cards.scryfall.io/normal/front/e/b/eb4b6ed8-782e-4473-abc9-d50bf2275c6a.jpg?1789556713
Fatehold Charm,Multicolor (White/Blue),{W}{U},2,Uncommon,Instant,,,3.5,https://scryfall.com/card/fra/132/fatehold-charm,https://cards.scryfall.io/normal/front/c/f/cfc54011-647e-4428-bcdb-59400e1da49d.jpg?1789127637
Flickering Hound,White,{3}{W},4,Rare,Creature — Dog,2,2,3.5,https://scryfall.com/card/fra/7/flickering-hound,https://cards.scryfall.io/normal/front/6/8/686f3a25-305d-4f02-8972-eba7b8e9635f.jpg?1789470769
Fulminous Forte,Red,{2}{R},3,Uncommon,Instant,,,3.5,https://scryfall.com/card/fra/84/fulminous-forte,https://cards.scryfall.io/normal/front/1/9/19acb2b5-3b3e-43f0-bd81-8426ed3d9c55.jpg?1789614832
"Hapatra, the Desert Fang",Multicolor (Black/Green),{2}{B}{B}{G},5,Uncommon,Legendary Creature — Human Cleric,3,3,3.5,https://scryfall.com/card/fra/271/hapatra-the-desert-fang,https://cards.scryfall.io/normal/front/c/f/cf7c1534-af41-4991-b3c3-f0a34ae330b5.jpg?1789385991
Hexhaven Battalion,White,{4}{W}{W},6,Common,Sorcery,,,3.5,https://scryfall.com/card/fra/12/hexhaven-battalion,https://cards.scryfall.io/normal/front/3/b/3b6ac80e-c726-4bd0-893a-e666041a04a6.jpg?1789556695
Hexhaven Invigorator,Green,{G}{G}{G}{G},4,Mythic,Creature — Chimera Horror,6,6,3.5,https://scryfall.com/card/fra/106/hexhaven-invigorator,https://cards.scryfall.io/normal/front/9/a/9a446cae-e93c-4574-8ffd-7688f9729a8a.jpg?1788878191
"Jiang Yanggu, Never Alone",Green,{3}{G},4,Uncommon,Legendary Creature — Human Druid,2,2,3.5,https://scryfall.com/card/fra/261/jiang-yanggu-never-alone,https://cards.scryfall.io/normal/front/f/5/f5a0bb3e-8119-4739-8684-e61d1d607dcb.jpg?1789014406
Kindred Judgment,White,{5}{W}{W},7,Rare,Sorcery,,,3.5,https://scryfall.com/card/fra/13/kindred-judgment,https://cards.scryfall.io/normal/front/6/f/6f9f814b-8249-4e48-a05e-4c84060fe6fb.jpg?1789470776
Koth of the Homestead,White,{2}{W},3,Uncommon,Legendary Creature — Human Citizen,2,3,3.5,https://scryfall.com/card/fra/199/koth-of-the-homestead,https://cards.scryfall.io/normal/front/9/2/920703fd-2a2f-454b-8829-af8f2afda4f4.jpg?1789568532
"Lyra, Archangel of Dawn",White,{2}{W},3,Rare,Legendary Creature — Angel Knight,3,3,3.5,https://scryfall.com/card/fra/201/lyra-archangel-of-dawn,https://cards.scryfall.io/normal/front/8/6/86a3866e-68a8-402c-baf0-1908e98e3995.jpg?1789127693
"Lyra, Tolarian Archangel",Blue,{1}{U}{U},3,Rare,Legendary Creature — Angel Wizard,3,3,3.5,https://scryfall.com/card/fra/217/lyra-tolarian-archangel,https://cards.scryfall.io/normal/front/a/5/a5183681-447b-4023-91f7-00e9338f4417.jpg?1789128032
Multiply by Zero,Black,{1}{B},2,Uncommon,Instant,,,3.5,https://scryfall.com/card/fra/58/multiply-by-zero,https://cards.scryfall.io/normal/front/9/0/90d684a4-9639-4792-8760-2011a7a85370.jpg?1789644823
No Admittance,Red,{1}{R},2,Common,Sorcery,,,3.5,https://scryfall.com/card/fra/89/no-admittance,https://cards.scryfall.io/normal/front/1/1/11ba4fdd-cc03-4bb6-a493-91a9785771d0.jpg?1788878170
"Proft, Consulting Detective",Blue,{1}{U},2,Uncommon,Legendary Creature — Human Detective,2,2,3.5,https://scryfall.com/card/fra/218/proft-consulting-detective,https://cards.scryfall.io/normal/front/b/8/b8466593-40fe-4557-89b2-760c1c92087b.jpg?1789127178
Puppet Crafting,Green,{1}{G},2,Rare,Enchantment — Aura,,,3.5,https://scryfall.com/card/fra/111/puppet-crafting,https://cards.scryfall.io/normal/front/6/b/6b8789a6-3b63-4198-af5f-c2f2f49fafd9.jpg?1789470736
Recursive Recruitment,Multicolor (Blue/Black),{2}{U}{B},4,Uncommon,Sorcery,,,3.5,https://scryfall.com/card/fra/147/recursive-recruitment,https://cards.scryfall.io/normal/front/6/8/68fddb6a-86d4-4ebb-907d-fdcaadebc4b3.jpg?1789556898
Repurposed Enforcer,White,{1}{W},2,Rare,Creature — Human Soldier,3,2,3.5,https://scryfall.com/card/fra/19/repurposed-enforcer,https://cards.scryfall.io/normal/front/3/5/35000e93-85d3-44f8-976a-5918ee4c71e0.jpg?1788878108
Stingerquill Charm,Multicolor (Black/Red),{B}{R},2,Uncommon,Instant,,,3.5,https://scryfall.com/card/fra/150/stingerquill-charm,https://cards.scryfall.io/normal/front/8/1/81733ff7-e611-43ee-bf38-6bb700676017.jpg?1789127652
Tarmogoyf,Green,{1}{G},2,Mythic,Creature — Lhurgoyf,*,1+*,3.5,https://scryfall.com/card/fra/116/tarmogoyf,https://cards.scryfall.io/normal/front/8/b/8be5ee47-8f8a-4e3c-b1a1-9ca0e1fdec7f.jpg?1789127270
Tenured Tethermage,Multicolor (Red/Green),{1}{R}{G},3,Rare,Creature — Human Artificer,1,1,3.5,https://scryfall.com/card/fra/154/tenured-tethermage,https://cards.scryfall.io/normal/front/1/7/1703306d-6a3d-4ab8-bf58-a9992236ef0f.jpg?1789385792
Theorist's Sanctum,Colorless,,0,Rare,Land — Island,,,3.5,https://scryfall.com/card/fra/191/theorists-sanctum,https://cards.scryfall.io/normal/front/2/2/22db5bba-46c9-4a26-821d-303ddb386ea4.jpg?1788878256
Twisted Fates,Multicolor (White/Black),{2}{W}{W}{B},5,Uncommon,Sorcery,,,3.5,https://scryfall.com/card/fra/158/twisted-fates,https://cards.scryfall.io/normal/front/c/7/c7c0765d-38fd-4d7b-bfb4-49b10ff5939b.jpg?1789614785
Vigorbloom Charm,Multicolor (White/Green),{G}{W},2,Uncommon,Instant,,,3.5,https://scryfall.com/card/fra/160/vigorbloom-charm,https://cards.scryfall.io/normal/front/2/b/2b198e10-b507-4314-a29c-a219f06e48b7.jpg?1789127656
Violent Echoes,Red,{2}{R}{R},4,Uncommon,Instant,,,3.5,https://scryfall.com/card/fra/95/violent-echoes,https://cards.scryfall.io/normal/front/a/d/ad03ba90-2442-4a71-94df-2088b5b63662.jpg?1789127599
Way of the Wildspeaker,Green,{4}{G},5,Uncommon,Legendary Enchantment,,,3.5,https://scryfall.com/card/fra/268/way-of-the-wildspeaker,https://cards.scryfall.io/normal/front/a/2/a252cb01-537b-4afe-9abc-81a98c4a1439.jpg?1789729602
Your Fate Ends Here,White,{2}{W},3,Uncommon,Instant,,,3.5,https://scryfall.com/card/fra/24/your-fate-ends-here,https://cards.scryfall.io/normal/front/2/5/25000a17-b701-4d69-b2ef-2c74029199d3.jpg?1789729751
"Arni, Humble Scribe",Blue,{2}{U},3,Uncommon,Legendary Creature — Human Wizard,3,2,3.0,https://scryfall.com/card/fra/211/arni-humble-scribe,https://cards.scryfall.io/normal/front/8/e/8e3a2239-9348-4639-9318-e9e35b2cf86b.jpg?1789568409
Break Under Pressure,Black,{2}{B},3,Uncommon,Instant,,,3.0,https://scryfall.com/card/fra/50/break-under-pressure,https://cards.scryfall.io/normal/front/4/6/46974d94-e900-43e4-92b5-4fb9b9f7cf46.jpg?1789385622
Carnivorous Cultivator // Enroot,Green,{1}{G},2,Rare,Creature — Elf Warlock,2,3,3.0,https://scryfall.com/card/fra/100/carnivorous-cultivator-enroot,https://cards.scryfall.io/normal/front/7/9/79dd5c54-5ea5-47b5-8f9b-50ed57a5ea45.jpg?1789385967
Countersculpt,Blue,{U}{U},2,Uncommon,Instant,,,3.0,https://scryfall.com/card/fra/25/countersculpt,https://cards.scryfall.io/normal/front/1/4/145b928d-a7ff-4fe5-ae4d-bbae7b1d955b.jpg?1788878107
Deserted Beach,Colorless,,0,Rare,Land,,,3.0,https://scryfall.com/card/fra/176/deserted-beach,https://cards.scryfall.io/normal/front/5/6/56dae4c4-3e71-4a32-979b-4e26d9c9e96c.jpg?1788878239
"Edgar, Ancient Bloodlord",Multicolor (White/Black),{W}{B},2,Uncommon,Legendary Creature — Vampire Noble,2,3,3.0,https://scryfall.com/card/fra/270/edgar-ancient-bloodlord,https://cards.scryfall.io/normal/front/7/c/7c619fed-2394-4efc-8cdc-6df5f51c1f57.jpg?1789127743
"Edgar, Moonlit Sovereign",Green,{3}{G}{G},5,Uncommon,Legendary Creature — Werewolf Noble,4,4,3.0,https://scryfall.com/card/fra/257/edgar-moonlit-sovereign,https://cards.scryfall.io/normal/front/d/a/dad6afc9-8505-4cdd-bf79-e9ba4670f2bb.jpg?1789127966
Face Yourself,Red,{5}{R}{R},7,Rare,Sorcery,,,3.0,https://scryfall.com/card/fra/83/face-yourself,https://cards.scryfall.io/normal/front/3/c/3ccf8f64-19bd-4fdf-b70a-30a042bacf2f.jpg?1789127528
"Gallia, Tragic Host",Black,{1}{B},2,Uncommon,Legendary Creature — Zombie Satyr,2,1,3.0,https://scryfall.com/card/fra/228/gallia-tragic-host,https://cards.scryfall.io/normal/front/4/9/498fa810-8522-4020-b773-52ad404c9f65.jpg?1789385697
"Hapatra, the Desert Frost",Blue,{3}{U},4,Uncommon,Legendary Creature — Human Wizard,4,3,3.0,https://scryfall.com/card/fra/215/hapatra-the-desert-frost,https://cards.scryfall.io/normal/front/8/5/85faaa9d-4656-4365-871d-7cba53ed0996.jpg?1789387113
Haunted Ridge,Colorless,,0,Rare,Land,,,3.0,https://scryfall.com/card/fra/180/haunted-ridge,https://cards.scryfall.io/normal/front/a/4/a4e4966b-8963-4fac-a8bf-e778e063c7dd.jpg?1788878241
Last Gasp,Black,{1}{B},2,Common,Instant,,,3.0,https://scryfall.com/card/fra/56/last-gasp,https://cards.scryfall.io/normal/front/2/3/2381d123-d8c7-4822-98fe-b1c365beb5ed.jpg?1789127524
Liliana the Repentant,Black,{1}{B},2,Rare,Legendary Creature — Human Warlock,2,2,3.0,https://scryfall.com/card/fra/231/liliana-the-repentant,https://cards.scryfall.io/normal/front/1/e/1eb25a6c-d6b4-465d-990e-f1ab86b26b69.jpg?1788329273
"Mabel, Valley Hero",Multicolor (White/Red),{1}{R}{W},3,Uncommon,Legendary Creature — Mouse Soldier,1,2,3.0,https://scryfall.com/card/fra/274/mabel-valley-hero,https://cards.scryfall.io/normal/front/4/7/47abea4b-9848-48aa-bc1b-f04f4799e920.jpg?1790135467
"Marwyn, the Clearcutter",Red,{R},1,Uncommon,Legendary Creature — Elf Warrior,2,1,3.0,https://scryfall.com/card/fra/249/marwyn-the-clearcutter,https://cards.scryfall.io/normal/front/f/9/f93da73c-ca8b-438e-8387-6109dac3fc1a.jpg?1789644549
Memory Trap,White,{2}{W},3,Common,Enchantment,,,3.0,https://scryfall.com/card/fra/15/memory-trap,https://cards.scryfall.io/normal/front/2/f/2f5345ae-4489-4d05-b2d5-c71285254f05.jpg?1788866058
Mind Meanderer,Multicolor (Blue/Green),{3}{G}{U}{U},6,Uncommon,Creature — Bird Fish Illusion,4,4,3.0,https://scryfall.com/card/fra/141/mind-meanderer,https://cards.scryfall.io/normal/front/9/4/94c290ce-252c-42b3-bcb0-c1ef621df566.jpg?1789470861
Mindseeker Oculus,Blue,{2}{U},3,Common,Creature — Homunculus,2,1,3.0,https://scryfall.com/card/fra/33/mindseeker-oculus,https://cards.scryfall.io/normal/front/f/5/f5324741-353a-4a70-adb2-b631b00806dd.jpg?1789556707
Overgrown Farmland,Colorless,,0,Rare,Land,,,3.0,https://scryfall.com/card/fra/185/overgrown-farmland,https://cards.scryfall.io/normal/front/1/7/178e61e4-472f-42cd-9d3b-4880c2acc527.jpg?1788878246
Plan for All Outcomes,Blue,{3}{U},4,Uncommon,Enchantment,,,3.0,https://scryfall.com/card/fra/35/plan-for-all-outcomes,https://cards.scryfall.io/normal/front/c/4/c4effc17-0d0e-423a-b5f2-597ea6c71f67.jpg?1789576786
Primal Witchstalker,Multicolor (Black/Green),{1}{B}{G},3,Uncommon,Creature — Wolf,2,1,3.0,https://scryfall.com/card/fra/144/primal-witchstalker,https://cards.scryfall.io/normal/front/0/4/04e64af7-cca1-499e-8951-f386e84c8b5b.jpg?1789644850
Rockfall Vale,Colorless,,0,Rare,Land,,,3.0,https://scryfall.com/card/fra/186/rockfall-vale,https://cards.scryfall.io/normal/front/e/3/e3c8a8b6-23ba-45ad-80d1-8e2dc79897f7.jpg?1788878243
"Ruric Thar, Biomagus",Blue,{4}{U}{U},6,Uncommon,Legendary Creature — Ogre Crab Wizard,4,6,3.0,https://scryfall.com/card/fra/219/ruric-thar-biomagus,https://cards.scryfall.io/normal/front/0/0/00af4e87-5576-4a43-9422-4c35b2b66775.jpg?1789127229
"Saheeli, Consul of Oversight",White,{3}{W}{W},5,Uncommon,Legendary Creature — Human Advisor,4,4,3.0,https://scryfall.com/card/fra/203/saheeli-consul-of-oversight,https://cards.scryfall.io/normal/front/0/7/07572be0-6610-493c-a21e-14b78e9805c9.jpg?1789645608
"Samut, Hazoret's Champion",Red,{1}{R},2,Rare,Legendary Creature — Human Warrior Cleric,2,2,3.0,https://scryfall.com/card/fra/251/samut-hazorets-champion,https://cards.scryfall.io/normal/front/b/a/ba920f23-f05c-410e-8516-c93abedf1d4d.jpg?1789729662
Shipwreck Marsh,Colorless,,0,Rare,Land,,,3.0,https://scryfall.com/card/fra/189/shipwreck-marsh,https://cards.scryfall.io/normal/front/9/e/9e944c5b-68ac-4a30-bbd4-09a4288319ce.jpg?1788878245
Solarium Sentry,Multicolor (White/Green),{G}{W},2,Rare,Creature — Cat Soldier,3,3,3.0,https://scryfall.com/card/fra/148/solarium-sentry,https://cards.scryfall.io/normal/front/1/e/1ef12dcf-df50-4da6-8c4c-e2937ba9698e.jpg?1789127651
Solitary Cell,Multicolor (White/Red),{R}{W},2,Rare,Artifact,,,3.0,https://scryfall.com/card/fra/149/solitary-cell,https://cards.scryfall.io/normal/front/5/1/5142bbb6-194c-4b12-b11a-1a21c9fe81a6.jpg?1788260690
Stinging Vitriol,Multicolor (Black/Red),{B}{R},2,Rare,Sorcery,,,3.0,https://scryfall.com/card/fra/152/stinging-vitriol,https://cards.scryfall.io/normal/front/a/7/a7d78297-7411-4ec5-8931-a25146869d5b.jpg?1789385971
"Teyo, Lightshield Expert",White,{1}{W},2,Uncommon,Legendary Creature — Human Cleric,1,1,3.0,https://scryfall.com/card/fra/204/teyo-lightshield-expert,https://cards.scryfall.io/normal/front/5/f/5f7521d7-9f1f-4f03-b2ea-dd2a1b1e4e5b.jpg?1789471515
Vraska's Final Mercy,Black,{B}{B},2,Rare,Sorcery,,,3.0,https://scryfall.com/card/fra/71/vraskas-final-mercy,https://cards.scryfall.io/normal/front/9/9/992bd991-7cfb-459f-bafd-9a44f3c925c5.jpg?1789699369
"Vraska, Soul of Stone",Multicolor (White/Blue/Red),{U}{R}{W},3,Rare,Legendary Creature — Gorgon Wizard,3,3,3.0,https://scryfall.com/card/fra/277/vraska-soul-of-stone,https://cards.scryfall.io/normal/front/f/3/f3869752-eade-4e7a-8dd1-68cafb9e10be.jpg?1789128008
Wrath of the Bloodmane,Red,{2}{R},3,Common,Instant,,,3.0,https://scryfall.com/card/fra/96/wrath-of-the-bloodmane,https://cards.scryfall.io/normal/front/b/5/b5b55617-684a-4036-be9b-a3b24fc9cd5a.jpg?1789385820
Afterthought Sentry,Colorless,{2},2,Common,Artifact Creature — Gargoyle,2,2,2.5,https://scryfall.com/card/fra/166/afterthought-sentry,https://cards.scryfall.io/normal/front/4/d/4d4b3bf7-a149-4099-b97d-4e36a87dfa60.jpg?1789385875
Awaken the Inferno,Red,{4}{R},5,Common,Sorcery,,,2.5,https://scryfall.com/card/fra/74/awaken-the-inferno,https://cards.scryfall.io/normal/front/c/5/c596c4ec-8480-4be9-a45d-700398a126f6.jpg?1789556812
Bestial Incursion,Green,{3}{G},4,Common,Sorcery,,,2.5,https://scryfall.com/card/fra/98/bestial-incursion,https://cards.scryfall.io/normal/front/e/0/e0de5f66-f0df-4866-9f73-104ce50411b4.jpg?1789127248
Command the Stage,Red,{2}{R},3,Uncommon,Sorcery,,,2.5,https://scryfall.com/card/fra/77/command-the-stage,https://cards.scryfall.io/normal/front/f/3/f3307da2-6dad-4ef2-9614-a7d34f38088e.jpg?1789644825
Compel Brutality,Green,{1}{G},2,Common,Instant,,,2.5,https://scryfall.com/card/fra/101/compel-brutality,https://cards.scryfall.io/normal/front/b/d/bd32d736-7a58-46b9-90b4-2cac3c3e80a1.jpg?1788521235
"Danitha, Sword of Hope",White,{2}{W},3,Uncommon,Legendary Creature — Human Knight,2,2,2.5,https://scryfall.com/card/fra/196/danitha-sword-of-hope,https://cards.scryfall.io/normal/front/d/5/d5cb9810-3c2d-4ae4-b8b6-0155ca3f47ad.jpg?1789127178
Darklight Phoenix,Black,{3}{B},4,Mythic,Creature — Phoenix,3,2,2.5,https://scryfall.com/card/fra/53/darklight-phoenix,https://cards.scryfall.io/normal/front/e/c/ec454979-3839-4be3-a34a-9d25482948ba.jpg?1789470810
Dedicated Commons,Colorless,,0,Common,Land,,,2.5,https://scryfall.com/card/fra/175/dedicated-commons,https://cards.scryfall.io/normal/front/3/2/3223e5db-5cc4-42f9-ae9e-ff58abc7c390.jpg?1789556950
Diviner of Victory // Unwind History,Blue,{U},1,Rare,Creature — Dwarf Wizard,1,1,2.5,https://scryfall.com/card/fra/28/diviner-of-victory-unwind-history,https://cards.scryfall.io/normal/front/0/8/0853bb80-8664-432a-8457-600139fd96d5.jpg?1788878145
Emergency Phytomedic // Seed Suture,Multicolor (White/Green),{G/W},1,Common,Creature — Dryad Cleric,1,1,2.5,https://scryfall.com/card/fra/130/emergency-phytomedic-seed-suture,https://cards.scryfall.io/normal/front/d/e/de94d388-919d-44ff-baef-8c90a417ac6d.jpg?1789637792
Fatehold Annex,Colorless,,0,Common,Land,,,2.5,https://scryfall.com/card/fra/177/fatehold-annex,https://cards.scryfall.io/normal/front/5/1/5140f962-62f3-40fd-a322-44896c7e2613.jpg?1789556955
"Fblthp, Knows the Way",Green,{X}{G}{G},2,Uncommon,Legendary Creature — Homunculus Scout,*,2,2.5,https://scryfall.com/card/fra/258/fblthp-knows-the-way,https://cards.scryfall.io/normal/front/2/8/28fbb55a-5c9d-45ee-bf42-a84b1048f5d2.jpg?1789127976
Formidable Commons,Colorless,,0,Common,Land,,,2.5,https://scryfall.com/card/fra/178/formidable-commons,https://cards.scryfall.io/normal/front/e/6/e6ca6c3e-f145-42d6-8a17-90770c15afaf.jpg?1789556960
"Gallia, the Merrymaker",Red,{1}{R},2,Uncommon,Legendary Creature — Satyr,2,1,2.5,https://scryfall.com/card/fra/245/gallia-the-merrymaker,https://cards.scryfall.io/normal/front/f/2/f27d50f0-d76e-4ce1-a8d9-d997af6a5b41.jpg?1789385716
Generous Revival,White,{2}{W},3,Uncommon,Sorcery,,,2.5,https://scryfall.com/card/fra/8/generous-revival,https://cards.scryfall.io/normal/front/f/8/f82f181b-a43b-4cec-b8f6-f6c1dd4c64fd.jpg?1788433351
Gideon the Oathless,Black,{2}{B},3,Rare,Legendary Creature — Human Mercenary,3,3,2.5,https://scryfall.com/card/fra/230/gideon-the-oathless,https://cards.scryfall.io/normal/front/c/9/c985b0d1-25bd-4069-aab7-a566ff27a8f6.jpg?1789127990
Grim Repriser,Multicolor (Black/Red),{B}{R},2,Uncommon,Creature — Zombie Bard,2,2,2.5,https://scryfall.com/card/fra/136/grim-repriser,https://cards.scryfall.io/normal/front/8/2/8295c48c-b4dd-4bc1-a206-04cf12b79bbd.jpg?1789470746
Hall of Echoes,Colorless,,0,Rare,Land,,,2.5,https://scryfall.com/card/fra/179/hall-of-echoes,https://cards.scryfall.io/normal/front/4/a/4a771010-b397-4849-ac9b-08e4dd5d6a72.jpg?1789644859
Hunter's Axe,Green,{G},1,Uncommon,Artifact — Equipment,,,2.5,https://scryfall.com/card/fra/108/hunters-axe,https://cards.scryfall.io/normal/front/a/2/a2cc5d0e-9643-4ee2-81de-fa2c3bd1ab09.jpg?1789556822
Infinite Coursework,Blue,{2}{U},3,Common,Enchantment — Aura,,,2.5,https://scryfall.com/card/fra/31/infinite-coursework,https://cards.scryfall.io/normal/front/a/5/a5988272-faaa-463d-a0a1-a8e96b946bad.jpg?1789385916
Innovative Commons,Colorless,,0,Common,Land,,,2.5,https://scryfall.com/card/fra/182/innovative-commons,https://cards.scryfall.io/normal/front/8/4/84ea799a-faa2-4ff1-a933-432d4ee31a3b.jpg?1789556991
Jace's Machinations,Blue,{2}{U},3,Rare,Instant,,,2.5,https://scryfall.com/card/fra/32/jaces-machinations,https://cards.scryfall.io/normal/front/2/8/282588b9-3656-453b-aa25-2419e078ddc1.jpg?1788878150
"Jace, Reality Sculptor",Blue,{3}{U}{U},5,Rare,Legendary Planeswalker — Jace,,,2.5,https://scryfall.com/card/fra/216/jace-reality-sculptor,https://cards.scryfall.io/normal/front/7/4/74087795-0b38-4fd2-9841-147583baca41.jpg?1790075861
Konstrari Annex,Colorless,,0,Common,Land,,,2.5,https://scryfall.com/card/fra/183/konstrari-annex,https://cards.scryfall.io/normal/front/3/9/39c805e3-82cd-42a9-80fe-8d81712a94ea.jpg?1789556993
"Koth, the Geomancer",Red,{2}{R},3,Uncommon,Legendary Creature — Human Warrior,3,2,2.5,https://scryfall.com/card/fra/248/koth-the-geomancer,https://cards.scryfall.io/normal/front/5/4/54f64e95-5a97-4d7c-9939-7f33a3165562.jpg?1789470892
"Loot, the Nexus",Green,{2}{G},3,Uncommon,Legendary Creature — Beast Noble,2,1,2.5,https://scryfall.com/card/fra/262/loot-the-nexus,https://cards.scryfall.io/normal/front/3/c/3cfa4fc6-4d90-4576-a83f-6496c7f21104.jpg?1789614764
"Massacre Girl, Most Wanted",Black,{4}{B},5,Uncommon,Legendary Creature — Human Assassin,4,4,2.5,https://scryfall.com/card/fra/234/massacre-girl-most-wanted,https://cards.scryfall.io/normal/front/9/0/9028d31f-9c41-47e3-885b-6a869bca8178.jpg?1789644882
Master of Barbs,Red,{1}{R},2,Rare,Creature — Lizard Bard,2,1,2.5,https://scryfall.com/card/fra/88/master-of-barbs,https://cards.scryfall.io/normal/front/4/4/4404d9d4-9cdd-4dad-a4f6-574d90db5052.jpg?1789127596
Meticulous Commons,Colorless,,0,Common,Land,,,2.5,https://scryfall.com/card/fra/184/meticulous-commons,https://cards.scryfall.io/normal/front/9/3/93ac525e-1919-43dd-aba4-073b7e4c1768.jpg?1789557002
Paradox Shaper // Omit Variables,Multicolor (Blue/Black),{1}{U/B},2,Uncommon,Creature — Octopus Wizard,1,3,2.5,https://scryfall.com/card/fra/143/paradox-shaper-omit-variables,https://cards.scryfall.io/normal/front/e/6/e61b9d48-0ace-4453-afe0-a1024444bac0.jpg?1788329390
"Pia, Determined Rebuilder",Red,{2}{R},3,Uncommon,Legendary Creature — Human Artificer,2,2,2.5,https://scryfall.com/card/fra/250/pia-determined-rebuilder,https://cards.scryfall.io/normal/front/d/d/dd3faaf4-45ca-4714-8dbe-37102ec131cf.jpg?1789385851
Pyre Rhymer // Molten Tide,Red,{1}{R}{R},3,Rare,Creature — Elemental Sorcerer,3,3,2.5,https://scryfall.com/card/fra/91/pyre-rhymer-molten-tide,https://cards.scryfall.io/normal/front/2/b/2b0ebea0-86de-4da4-9fe8-dacc1e75c161.jpg?1789470850
"Rescue Girl, First Responder",White,{2}{W},3,Uncommon,Legendary Creature — Human Cleric,1,3,2.5,https://scryfall.com/card/fra/202/rescue-girl-first-responder,https://cards.scryfall.io/normal/front/6/9/699874e3-1ccf-4a6c-8371-61040de82d08.jpg?1789645598
Rewrite Regrets,Black,{3}{B},4,Uncommon,Sorcery,,,2.5,https://scryfall.com/card/fra/62/rewrite-regrets,https://cards.scryfall.io/normal/front/4/5/453cfde7-c460-4b55-9472-b714e16f24bb.jpg?1788952087
Room of Refuge,Colorless,,0,Common,Land,,,2.5,https://scryfall.com/card/fra/188/room-of-refuge,https://cards.scryfall.io/normal/front/9/a/9a467560-6676-4fc2-9400-768a79650aa4.jpg?1789557010
"Ruric Thar, Magecrusher",Green,{5}{G}{G},7,Uncommon,Legendary Creature — Ogre Warrior,7,7,2.5,https://scryfall.com/card/fra/265/ruric-thar-magecrusher,https://cards.scryfall.io/normal/front/e/e/eed83302-dc2c-45f4-a4bd-af9da51edef5.jpg?1789358701
Stingerquill Annex,Colorless,,0,Common,Land,,,2.5,https://scryfall.com/card/fra/190/stingerquill-annex,https://cards.scryfall.io/normal/front/6/e/6ede3143-69ac-4cbe-922a-d25b07c26da7.jpg?1789557046
Stingerquill Voxmancer // Vicious Verse,Multicolor (Black/Red),{B/R},1,Uncommon,Creature — Goblin Sorcerer,1,2,2.5,https://scryfall.com/card/fra/151/stingerquill-voxmancer-vicious-verse,https://cards.scryfall.io/normal/front/8/4/84b1c268-3b8a-41b6-92e3-a2ce0cc3d738.jpg?1788329418
Surgical Precision,White,{1}{W},2,Common,Sorcery,,,2.5,https://scryfall.com/card/fra/22/surgical-precision,https://cards.scryfall.io/normal/front/d/3/d3acf176-ef02-4729-88c4-0f0dfbfdada4.jpg?1789385570
"Tetsuko Umezawa, Pursuer",Red,{3}{R},4,Uncommon,Legendary Creature — Human Mercenary,2,4,2.5,https://scryfall.com/card/fra/252/tetsuko-umezawa-pursuer,https://cards.scryfall.io/normal/front/d/f/df818900-ce5e-4b0d-a927-c975cbef7eda.jpg?1789128002
"Teyo, Diamondblade Mage",Black,{3}{B},4,Uncommon,Legendary Creature — Human Warlock,3,1,2.5,https://scryfall.com/card/fra/236/teyo-diamondblade-mage,https://cards.scryfall.io/normal/front/1/0/100c3b67-0c92-4224-b5ed-67789c612df7.jpg?1789470892
"Thalia, the Survivor",White,{3}{W},4,Uncommon,Legendary Creature — Human Soldier,3,4,2.5,https://scryfall.com/card/fra/205/thalia-the-survivor,https://cards.scryfall.io/normal/front/8/0/80226231-9e70-430e-aabc-f262f70b9226.jpg?1789127700
Theorist's Proxy,Blue,{1}{U},2,Rare,Creature — Illusion,0,3,2.5,https://scryfall.com/card/fra/44/theorists-proxy,https://cards.scryfall.io/normal/front/7/1/710302ca-c4be-4069-8ce1-f531414c74e9.jpg?1788878151
Theorix Annex,Colorless,,0,Common,Land,,,2.5,https://scryfall.com/card/fra/192/theorix-annex,https://cards.scryfall.io/normal/front/9/7/97bbbd23-ecb1-4407-ac14-dede08532a1e.jpg?1789557008
Theorix Charm,Multicolor (Blue/Black),{U}{B},2,Uncommon,Instant,,,2.5,https://scryfall.com/card/fra/155/theorix-charm,https://cards.scryfall.io/normal/front/2/8/2835c9aa-0904-44db-8da2-e8c4e04201aa.jpg?1789127659
"Tomik, Orzhov Lawmage",White,{1}{W},2,Uncommon,Legendary Creature — Human Advisor,2,1,2.5,https://scryfall.com/card/fra/206/tomik-orzhov-lawmage,https://cards.scryfall.io/normal/front/7/c/7ca95235-6e54-4ff8-bc2e-6a3d483ff007.jpg?1789729766
Transformative Commons,Colorless,,0,Common,Land,,,2.5,https://scryfall.com/card/fra/193/transformative-commons,https://cards.scryfall.io/normal/front/b/5/b57d5be7-3157-4b49-aeb8-d7368ca7e9dd.jpg?1789557014
"Traxos, Academy Guardian",Blue,{3}{U},4,Uncommon,Legendary Artifact Creature — Dragon Construct,1,5,2.5,https://scryfall.com/card/fra/222/traxos-academy-guardian,https://cards.scryfall.io/normal/front/a/3/a349800f-b634-4e74-a9d9-185df37ad909.jpg?1789568451
Vigorbloom Annex,Colorless,,0,Common,Land,,,2.5,https://scryfall.com/card/fra/194/vigorbloom-annex,https://cards.scryfall.io/normal/front/d/b/db8c7bdd-76cd-4be0-ae0d-d430e9a5fe7a.jpg?1789557019
Vigorbloom Vanguard // Seed Suture,Multicolor (White/Green),{1}{G/W},2,Uncommon,Creature — Troll Druid,2,2,2.5,https://scryfall.com/card/fra/161/vigorbloom-vanguard-seed-suture,https://cards.scryfall.io/normal/front/a/c/acefc515-bf97-4dc0-b0f7-ae8ae5a61671.jpg?1788329423
Vindictive Triumph,Multicolor (White/Black),{W}{B}{B},3,Rare,Instant,,,2.5,https://scryfall.com/card/fra/162/vindictive-triumph,https://cards.scryfall.io/normal/front/a/8/a803dbe7-153a-4e92-ad4d-c2babebe003d.jpg?1789127665
Way of the Cryomancer,Blue,{2}{U},3,Uncommon,Legendary Enchantment,,,2.5,https://scryfall.com/card/fra/223/way-of-the-cryomancer,https://cards.scryfall.io/normal/front/8/3/838b0efb-7398-4df9-8fdf-b8af43b47938.jpg?1789014637
Way of the Healer,White,{3}{W},4,Uncommon,Legendary Enchantment,,,2.5,https://scryfall.com/card/fra/207/way-of-the-healer,https://cards.scryfall.io/normal/front/5/0/50326a2a-7e10-464b-a97e-e880bda0558c.jpg?1789729503
Way of the Warlord,Red,{2}{R},3,Uncommon,Legendary Enchantment,,,2.5,https://scryfall.com/card/fra/255/way-of-the-warlord,https://cards.scryfall.io/normal/front/6/d/6d86e410-20c4-4248-96bf-5780ece6274a.jpg?1789729585
Woodwork Prodigy // Soul Tether,Multicolor (Red/Green),{2}{R/G},3,Uncommon,Creature — Cat Druid,3,3,2.5,https://scryfall.com/card/fra/165/woodwork-prodigy-soul-tether,https://cards.scryfall.io/normal/front/7/d/7d17f7e3-7b63-4674-9024-4fd1827f40ec.jpg?1788329429
"Yoshimaru, Scrappy Stray",Green,{1}{G},2,Uncommon,Legendary Creature — Dog,1,1,2.5,https://scryfall.com/card/fra/269/yoshimaru-scrappy-stray,https://cards.scryfall.io/normal/front/b/8/b8dfd087-2434-42c6-ac4c-1decbcdde2db.jpg?1789470909
Apex Witchstalker,Black,{4}{B}{B},6,Common,Creature — Wolf,6,4,2.0,https://scryfall.com/card/fra/48/apex-witchstalker,https://cards.scryfall.io/normal/front/c/d/cd56f047-6bdc-4e83-8a7c-923ebad26302.jpg?1789556710
Arcane Amphisbaena,Green,{1}{G},2,Common,Creature — Snake,1,1,2.0,https://scryfall.com/card/fra/97/arcane-amphisbaena,https://cards.scryfall.io/normal/front/1/b/1bf923c4-f0b7-4271-978c-fd2e79fe1cc8.jpg?1788878190
Archive Arbiter,Colorless,{6},6,Uncommon,Artifact Creature — Sphinx,4,4,2.0,https://scryfall.com/card/fra/167/archive-arbiter,https://cards.scryfall.io/normal/front/0/2/024bce1e-a5f3-4292-bc17-d0355a5d65e1.jpg?1789614867
"Arni, Renowned Champion",Red,{3}{R},4,Uncommon,Legendary Creature — Human Berserker,1,5,2.0,https://scryfall.com/card/fra/243/arni-renowned-champion,https://cards.scryfall.io/normal/front/b/d/bd8db649-1dba-457d-8327-e1f1da1aab36.jpg?1789557035
Artifist Acumen,Red,{R},1,Common,Sorcery,,,2.0,https://scryfall.com/card/fra/73/artifist-acumen,https://cards.scryfall.io/normal/front/7/d/7d3b720d-f27c-462a-8f80-15748e5086e1.jpg?1789729762
Blossom-Blessed Angel // Seed Suture,White,{3}{W},4,Common,Creature — Angel Cleric,2,4,2.0,https://scryfall.com/card/fra/3/blossom-blessed-angel-seed-suture,https://cards.scryfall.io/normal/front/5/e/5e77fbf0-9d1f-4e7d-a02e-43065d11b0d9.jpg?1789692643
Budding Insurgent,Green,{2}{G},3,Common,Creature — Dryad Scout,3,3,2.0,https://scryfall.com/card/fra/99/budding-insurgent,https://cards.scryfall.io/normal/front/1/8/18c59d60-2640-4576-9375-3ba38aa3ecb7.jpg?1789127120
Campus Crier,White,{1}{W},2,Common,Creature — Human Advisor,3,1,2.0,https://scryfall.com/card/fra/4/campus-crier,https://cards.scryfall.io/normal/front/6/0/6047b14c-91d5-4f8e-af3f-057a541e2546.jpg?1788878120
Chandra's Emberling,Red,{2}{R},3,Common,Creature — Gremlin Elemental,2,2,2.0,https://scryfall.com/card/fra/76/chandras-emberling,https://cards.scryfall.io/normal/front/3/a/3a64c5f4-9cfc-4d19-bd99-13d619b1aa9d.jpg?1789385708
"Danitha, Spear of Agony",Black,{2}{B},3,Uncommon,Legendary Creature — Human Knight,2,2,2.0,https://scryfall.com/card/fra/227/danitha-spear-of-agony,https://cards.scryfall.io/normal/front/6/4/6489814b-3d10-423e-988c-324740d36748.jpg?1789127194
Dark Matter Manipulator,Black,{B},1,Rare,Creature — Human Warlock,1,2,2.0,https://scryfall.com/card/fra/52/dark-matter-manipulator,https://cards.scryfall.io/normal/front/4/e/4ec912d5-cbe7-4d07-9ece-b03ac02d3055.jpg?1789385959
Divining Duelist,Blue,{2}{U},3,Common,Creature — Merfolk Wizard,3,2,2.0,https://scryfall.com/card/fra/29/divining-duelist,https://cards.scryfall.io/normal/front/9/6/960c7335-331d-488b-be68-2ad1c1c695dc.jpg?1789556709
Fatehold Chronologist // Peer Review,Multicolor (White/Blue),{1}{W/U},2,Common,Creature — Bird Wizard,1,2,2.0,https://scryfall.com/card/fra/133/fatehold-chronologist-peer-review,https://cards.scryfall.io/normal/front/2/9/29e7ec16-0c16-48aa-8e09-ce6e0d5bd40b.jpg?1789060173
Geist of Saint Thalia,Blue,{1}{U},2,Uncommon,Legendary Creature — Spirit Cleric,1,2,2.0,https://scryfall.com/card/fra/214/geist-of-saint-thalia,https://cards.scryfall.io/normal/front/9/c/9c334530-0880-46b5-a358-9603eee3cecf.jpg?1789128026
Ghalta the Unstoppable,Green,{8}{G},9,Uncommon,Legendary Creature — Elder Dinosaur,8,8,2.0,https://scryfall.com/card/fra/260/ghalta-the-unstoppable,https://cards.scryfall.io/normal/front/1/d/1d535b5f-c916-4f16-89a7-9477578826d2.jpg?1788878290
Greenhouse Propagator,Green,{2}{G},3,Common,Creature — Cat Druid,2,3,2.0,https://scryfall.com/card/fra/104/greenhouse-propagator,https://cards.scryfall.io/normal/front/a/5/a56e0f91-b128-4693-a949-53cb403f4fbf.jpg?1789127136
Heartstring Puller,Red,{3}{R},4,Common,Creature — Elf Sorcerer,3,1,2.0,https://scryfall.com/card/fra/86/heartstring-puller,https://cards.scryfall.io/normal/front/c/b/cbfe3354-7ced-4773-9a4e-a937ae9f94f8.jpg?1789556808
Heartwood Crafter // Soul Tether,Green,{G},1,Uncommon,Creature — Elf Artificer,1,1,2.0,https://scryfall.com/card/fra/105/heartwood-crafter-soul-tether,https://cards.scryfall.io/normal/front/9/1/910a1f41-17fd-4ab0-9597-7151e79dc760.jpg?1789127630
Icy Reception,Blue,{1}{U},2,Common,Instant,,,2.0,https://scryfall.com/card/fra/30/icy-reception,https://cards.scryfall.io/normal/front/8/d/8d754b96-5e44-45af-9c7a-b0da59fbe4c3.jpg?1788779540
Kiora of Salt and Sand,Multicolor (Blue/Green),{1}{G}{U},3,Uncommon,Legendary Creature — Merfolk Noble,2,4,2.0,https://scryfall.com/card/fra/273/kiora-of-salt-and-sand,https://cards.scryfall.io/normal/front/8/1/8151f5f5-e9f6-4fbe-b543-f456ebf22aa5.jpg?1789127745
Konstrari Charm,Multicolor (Red/Green),{R}{G},2,Uncommon,Instant,,,2.0,https://scryfall.com/card/fra/138/konstrari-charm,https://cards.scryfall.io/normal/front/7/d/7d29dfa1-9582-47bc-8f42-62b611bdcc4e.jpg?1789127645
Konstrari Improviser // Soul Tether,Multicolor (Red/Green),{1}{R/G},2,Common,Creature — Human Artificer,2,2,2.0,https://scryfall.com/card/fra/139/konstrari-improviser-soul-tether,https://cards.scryfall.io/normal/front/4/2/42e28bd2-486b-45d4-8840-6e33c19c2d57.jpg?1789556881
"Mabel, Bitter Recluse",Black,{B},1,Uncommon,Legendary Creature — Mouse Warlock,1,1,2.0,https://scryfall.com/card/fra/233/mabel-bitter-recluse,https://cards.scryfall.io/normal/front/b/2/b2a412b0-2ae4-4552-bc5e-70654b6b9b4e.jpg?1789385677
"Marwyn, the Preserver",Green,{1}{G},2,Uncommon,Legendary Creature — Elf Druid,3,2,2.0,https://scryfall.com/card/fra/263/marwyn-the-preserver,https://cards.scryfall.io/normal/front/9/0/90f33f99-7bc5-42e1-815e-bfb4c2b74107.jpg?1789644564
Perfected Theory,Blue,{U},1,Uncommon,Instant,,,2.0,https://scryfall.com/card/fra/34/perfected-theory,https://cards.scryfall.io/normal/front/d/0/d0ecae06-bc5a-4886-84df-c2900816f226.jpg?1788329222
Pompous Battlemage // Improvised Act,Red,{R},1,Rare,Creature — Goblin Sorcerer,1,1,2.0,https://scryfall.com/card/fra/90/pompous-battlemage-improvised-act,https://cards.scryfall.io/normal/front/a/a/aa0f77ac-741a-444a-8bf0-a42c644726bf.jpg?1788878186
"Proft, Sinister Mastermind",Black,{2}{B},3,Uncommon,Legendary Creature — Human Rogue,5,5,2.0,https://scryfall.com/card/fra/235/proft-sinister-mastermind,https://cards.scryfall.io/normal/front/d/3/d36b0e06-cb82-4c48-bf35-e76f109116f6.jpg?1789127196
Prophesied End,White,{1}{W},2,Uncommon,Instant,,,2.0,https://scryfall.com/card/fra/17/prophesied-end,https://cards.scryfall.io/normal/front/1/f/1f95399a-9766-4f3d-aa6a-ece55e0530d9.jpg?1788951920
Protege's Awakening,Blue,{3}{U},4,Common,Sorcery,,,2.0,https://scryfall.com/card/fra/37/proteges-awakening,https://cards.scryfall.io/normal/front/a/0/a08c7ec2-4c6a-4db2-85a7-41afe8731523.jpg?1788878176
Prudent Fateseer // Peer Review,Multicolor (White/Blue),{1}{W/U}{W/U},3,Uncommon,Creature — Dwarf Wizard,1,4,2.0,https://scryfall.com/card/fra/146/prudent-fateseer-peer-review,https://cards.scryfall.io/normal/front/6/c/6c1c790b-9e0e-4964-9ea3-554843907f06.jpg?1788329412
Rank Rat,Black,{1}{B},2,Common,Creature — Zombie Rat,1,1,2.0,https://scryfall.com/card/fra/61/rank-rat,https://cards.scryfall.io/normal/front/4/f/4ff6da82-d7dd-4b59-b7e6-30670cea7169.jpg?1789556727
Restore with Empathy,Green,{2}{G},3,Uncommon,Instant,,,2.0,https://scryfall.com/card/fra/112/restore-with-empathy,https://cards.scryfall.io/normal/front/3/5/3546b93b-a7d1-451d-a369-22cc8ddcd00d.jpg?1788865848
"Samut, Tyrant of Naktamun",Blue,{1}{U},2,Rare,Legendary Creature — Human Wizard,2,1,2.0,https://scryfall.com/card/fra/220/samut-tyrant-of-naktamun,https://cards.scryfall.io/normal/front/6/d/6d7d8fa7-ce69-4a8c-9af0-55571393a244.jpg?1789729644
Screeching Soulbreaker,Black,{2}{B},3,Common,Creature — Siren Bard,1,4,2.0,https://scryfall.com/card/fra/65/screeching-soulbreaker,https://cards.scryfall.io/normal/front/7/3/738667a1-c184-43ea-829f-49fbb69b6fc0.jpg?1789385960
Semester Foreseer // Peer Review,Blue,{3}{U},4,Common,Creature — Human Wizard,3,4,2.0,https://scryfall.com/card/fra/39/semester-foreseer-peer-review,https://cards.scryfall.io/normal/front/7/e/7e5a640b-fd88-4b5a-9dfc-1d8f5a5cef41.jpg?1789127516
Shatterwing Pegasus,White,{2}{W},3,Common,Creature — Pegasus,2,3,2.0,https://scryfall.com/card/fra/21/shatterwing-pegasus,https://cards.scryfall.io/normal/front/e/2/e29095de-59ec-4562-ba8e-73f952e457ae.jpg?1789385580
Silence the Echo,Black,{1}{B},2,Common,Sorcery,,,2.0,https://scryfall.com/card/fra/66/silence-the-echo,https://cards.scryfall.io/normal/front/f/1/f1d274db-751b-4414-a38d-762198168e91.jpg?1789385640
Skilled Battlecarver,Red,{1}{R},2,Common,Creature — Human Warrior,2,1,2.0,https://scryfall.com/card/fra/92/skilled-battlecarver,https://cards.scryfall.io/normal/front/0/e/0e44f959-1322-4abd-b6eb-dea992307c0c.jpg?1789556811
Something Worth Saving,Green,{1}{G},2,Common,Instant,,,2.0,https://scryfall.com/card/fra/114/something-worth-saving,https://cards.scryfall.io/normal/front/0/2/02ee7817-40af-4fcf-a2df-eb218b669281.jpg?1788878199
Sureshot Sower,Green,{1}{G},2,Common,Creature — Human Archer,3,1,2.0,https://scryfall.com/card/fra/115/sureshot-sower,https://cards.scryfall.io/normal/front/b/6/b635389c-e286-4edb-80d1-23dbe4a18857.jpg?1789614751
Surveillance Phantasm,Blue,{1}{U},2,Common,Creature — Bird Illusion,2,3,2.0,https://scryfall.com/card/fra/42/surveillance-phantasm,https://cards.scryfall.io/normal/front/9/d/9df8a06d-c7de-49af-8c01-06dca3dfef4b.jpg?1789385597
Theorix Metamage // Omit Variables,Multicolor (Blue/Black),{2}{U/B},3,Common,Creature — Shade Wizard,2,3,2.0,https://scryfall.com/card/fra/156/theorix-metamage-omit-variables,https://cards.scryfall.io/normal/front/f/b/fb6bad96-841d-4738-8e62-92f346f914fd.jpg?1789556930
"Tinybones, Pocket Nuisance",Black,{2}{B},3,Uncommon,Legendary Creature — Skeleton Rogue,2,1,2.0,https://scryfall.com/card/fra/237/tinybones-pocket-nuisance,https://cards.scryfall.io/normal/front/2/f/2f47ddf7-35b6-4205-8045-f057914c5f64.jpg?1788329294
"Titanbones, Towering Heart",Green,{3}{G},4,Uncommon,Legendary Creature — Skeleton Druid,4,3,2.0,https://scryfall.com/card/fra/266/titanbones-towering-heart,https://cards.scryfall.io/normal/front/e/d/edea6f70-a5a7-475d-b7f2-97933d0f32cf.jpg?1788329375
"Traxos, Scourge Eternal",Colorless,{4},4,Uncommon,Legendary Artifact Creature — Dragon Construct,5,4,2.0,https://scryfall.com/card/fra/280/traxos-scourge-eternal,https://cards.scryfall.io/normal/front/0/5/05102c46-96f8-44a0-a1e6-e388fa5e0841.jpg?1789557046
Twinned Vision,Multicolor (Blue/Red),{1}{U/R},2,Common,Instant,,,2.0,https://scryfall.com/card/fra/157/twinned-vision,https://cards.scryfall.io/normal/front/5/5/55f85984-0137-4899-8993-bbc8c4794d33.jpg?1789556940
Undulating Witness,Blue,{4}{U},5,Common,Creature — Serpent,3,5,2.0,https://scryfall.com/card/fra/45/undulating-witness,https://cards.scryfall.io/normal/front/0/a/0adbb4b2-a142-48da-8f4b-fa91529dbac4.jpg?1789556706
Unflinching Hortimancer,White,{1}{W},2,Common,Creature — Human Cleric,2,1,2.0,https://scryfall.com/card/fra/23/unflinching-hortimancer,https://cards.scryfall.io/normal/front/6/3/63f82985-c9c2-4d0a-ac4f-560166bebd9f.jpg?1789556741
Unsummon,Blue,{U},1,Common,Instant,,,2.0,https://scryfall.com/card/fra/46/unsummon,https://cards.scryfall.io/normal/front/d/d/ddad9f16-52d5-49de-82b0-b1a5294a9c44.jpg?1789556722
Variable Chaser // Arc of Fortune,Blue,{2}{U},3,Rare,Creature — Human Wizard,2,3,2.0,https://scryfall.com/card/fra/47/variable-chaser-arc-of-fortune,https://cards.scryfall.io/normal/front/e/3/e3afedb1-bf9d-4e31-9700-433514cc29b1.jpg?1789470807
Vinelasher Adept,Green,{4}{G}{G},6,Common,Creature — Rhino Soldier,2,4,2.0,https://scryfall.com/card/fra/119/vinelasher-adept,https://cards.scryfall.io/normal/front/e/5/e5ed142b-2b61-4ef5-8b23-2db2a0a0319d.jpg?1789556814
Warrior's Blades,Multicolor (White/Red),{2}{R}{W},4,Uncommon,Artifact — Equipment,,,2.0,https://scryfall.com/card/fra/163/warriors-blades,https://cards.scryfall.io/normal/front/c/6/c63d5b0e-ee72-42ed-aa7e-484ba84507cd.jpg?1789007648
"Yuriko, Blade of the Mighty",White,{3}{W},4,Uncommon,Legendary Creature — Human Samurai,2,3,2.0,https://scryfall.com/card/fra/210/yuriko-blade-of-the-mighty,https://cards.scryfall.io/normal/front/c/c/ccbe92a5-42bc-4228-9d5a-212df2f5dc15.jpg?1789128047
"Yuriko, Hope from the Shadows",Blue,{U},1,Uncommon,Legendary Creature — Human Ninja,1,1,2.0,https://scryfall.com/card/fra/226/yuriko-hope-from-the-shadows,https://cards.scryfall.io/normal/front/4/5/45e81487-8b8c-480b-922a-eaa9edc7201d.jpg?1789127717
Academic Ascent,White,{1}{W},2,Common,Instant,,,1.5,https://scryfall.com/card/fra/2/academic-ascent,https://cards.scryfall.io/normal/front/7/3/730d8c28-1e58-4b8e-89e9-445d154d2e83.jpg?1788878081
Blazing Crescendo,Red,{1}{R},2,Common,Instant,,,1.5,https://scryfall.com/card/fra/75/blazing-crescendo,https://cards.scryfall.io/normal/front/8/4/8414a98c-0c79-4884-bc9b-061a6456b392.jpg?1789060147
Blessed Ghoul,Multicolor (White/Black),{W/B},1,Common,Creature — Zombie Cleric,1,1,1.5,https://scryfall.com/card/fra/123/blessed-ghoul,https://cards.scryfall.io/normal/front/b/b/bb975803-9bf2-401e-9414-d272df314398.jpg?1789556847
Cast Away Doubt,Black,{2}{B},3,Common,Sorcery,,,1.5,https://scryfall.com/card/fra/51/cast-away-doubt,https://cards.scryfall.io/normal/front/3/b/3b5b28a4-0abd-4dc2-9856-c9a8d27f6a2d.jpg?1788353191
Charge the Sanctum,Multicolor (White/Red),{2}{R/W},3,Common,Instant,,,1.5,https://scryfall.com/card/fra/125/charge-the-sanctum,https://cards.scryfall.io/normal/front/8/7/87b40df5-5c0a-41f5-a09c-a04f17066a91.jpg?1788521570
"Codie, Ravenous Codex",Colorless,{3},3,Rare,Legendary Artifact Creature — Book Construct,1,4,1.5,https://scryfall.com/card/fra/168/codie-ravenous-codex,https://cards.scryfall.io/normal/front/c/3/c3192390-1518-49fc-8716-f2c7a0384f39.jpg?1789646811
Cryotheory Adept,Blue,{1}{U},2,Common,Creature — Human Wizard,2,1,1.5,https://scryfall.com/card/fra/27/cryotheory-adept,https://cards.scryfall.io/normal/front/9/b/9ba1f7ce-3404-4932-9795-22967707f762.jpg?1789556701
Eardrum Rattler,Red,{1}{R},2,Common,Creature — Human Bard,2,2,1.5,https://scryfall.com/card/fra/81/eardrum-rattler,https://cards.scryfall.io/normal/front/5/f/5f8771f9-8128-4818-a11d-41ea368cf697.jpg?1789127173
"Emrakul, the Exigent Doom",Colorless,{10},10,Mythic,Legendary Creature — Eldrazi,12,12,1.5,https://scryfall.com/card/fra/1/emrakul-the-exigent-doom,https://cards.scryfall.io/normal/front/c/3/c3ff8dd3-88a8-49dc-a59b-e2748680623c.jpg?1789060137
Fateshaper Aspirant,White,{4}{W},5,Common,Creature — Rhino Cleric,3,4,1.5,https://scryfall.com/card/fra/6/fateshaper-aspirant,https://cards.scryfall.io/normal/front/f/0/f0c8400d-824f-4d79-84bc-7615a0deb831.jpg?1789556683
"Fblthp, Impossibly Lost",Blue,{1}{U},2,Uncommon,Legendary Creature — Homunculus,1,1,1.5,https://scryfall.com/card/fra/213/fblthp-impossibly-lost,https://cards.scryfall.io/normal/front/a/3/a3a2edbb-d144-4670-acad-17316cea98d2.jpg?1789127697
Ferocity of the Hunt,Multicolor (Black/Green),{1}{B/G},2,Common,Enchantment — Aura,,,1.5,https://scryfall.com/card/fra/134/ferocity-of-the-hunt,https://cards.scryfall.io/normal/front/a/9/a9793ce9-5a0b-41fe-b9ad-02f6f7da2481.jpg?1789644856
Frostbite Pyromental,Multicolor (Blue/Red),{U}{R}{R},3,Rare,Creature — Elemental,4,4,1.5,https://scryfall.com/card/fra/135/frostbite-pyromental,https://cards.scryfall.io/normal/front/7/a/7a44581f-8fc4-457d-888a-1e211090ee7e.jpg?1789470870
Ghalta the Immovable,White,{8}{W},9,Uncommon,Legendary Creature — Elder Dinosaur,0,7,1.5,https://scryfall.com/card/fra/197/ghalta-the-immovable,https://cards.scryfall.io/normal/front/a/9/a9f3aa55-908f-42db-8135-4201433df850.jpg?1789014423
Gideon's Memorial,White,{1}{W},2,Rare,Legendary Artifact,,,1.5,https://scryfall.com/card/fra/198/gideons-memorial,https://cards.scryfall.io/normal/front/7/6/768c0e64-9907-417a-a763-c836fdf36883.jpg?1789127685
Graft Surgeon,White,{2}{W},3,Common,Creature — Human Cleric,2,2,1.5,https://scryfall.com/card/fra/10/graft-surgeon,https://cards.scryfall.io/normal/front/3/2/32a7a905-11bf-4b66-a28e-1066a0e372b8.jpg?1789644811
Hallway Heckler // Vicious Verse,Red,{2}{R},3,Common,Creature — Elemental Sorcerer,2,3,1.5,https://scryfall.com/card/fra/85/hallway-heckler-vicious-verse,https://cards.scryfall.io/normal/front/7/e/7e324816-552f-455d-97c4-5ea6b26d2e6e.jpg?1789127576
Hexhaven Dueling Arena,Colorless,,0,Uncommon,Land,,,1.5,https://scryfall.com/card/fra/181/hexhaven-dueling-arena,https://cards.scryfall.io/normal/front/9/1/9128ce00-6744-4d36-bfbe-ef75d78110b0.jpg?1789556985
Inspired Tethermage,Green,{2}{G},3,Common,Creature — Elf Warrior,3,2,1.5,https://scryfall.com/card/fra/109/inspired-tethermage,https://cards.scryfall.io/normal/front/0/7/073f4998-a204-447b-93d5-746ae87fd6a1.jpg?1788878192
"Jiang Yanggu, Alone",Red,{4}{R},5,Uncommon,Legendary Creature — Human Berserker,4,4,1.5,https://scryfall.com/card/fra/246/jiang-yanggu-alone,https://cards.scryfall.io/normal/front/e/8/e8c1ce21-b77d-40bf-9ed1-478604e71f5f.jpg?1789014416
"Karn, Gilded Guardian",Multicolor (White/Blue/Black/Red/Green),{2/W}{2/U}{2/B}{2/R}{2/G},10,Rare,Legendary Artifact Creature — Golem,5,5,1.5,https://scryfall.com/card/fra/272/karn-gilded-guardian,https://cards.scryfall.io/normal/front/3/a/3abcae65-5b21-4c98-adad-34b8bc76ea3a.jpg?1789014541
Keeper of the Quiet Hour,Colorless,{3},3,Common,Artifact Creature — Chimera,3,2,1.5,https://scryfall.com/card/fra/171/keeper-of-the-quiet-hour,https://cards.scryfall.io/normal/front/b/6/b6331218-dbb8-44a9-8ba5-5fb1ab41c5c0.jpg?1788878239
Living Library,Colorless,{2},2,Common,Artifact Creature — Book Illusion,0,4,1.5,https://scryfall.com/card/fra/172/living-library,https://cards.scryfall.io/normal/front/5/d/5d4a8e5f-0024-4da3-a2f5-edb48b12e733.jpg?1789556949
"Loot, the Anomaly",Black,{2}{B},3,Uncommon,Legendary Creature — Beast Horror,-2,4,1.5,https://scryfall.com/card/fra/232/loot-the-anomaly,https://cards.scryfall.io/normal/front/4/f/4f6fd2fa-8bc8-4743-bbc8-b56475d64eff.jpg?1789568430
Medic's Kitesail,Colorless,{2},2,Common,Artifact — Equipment,,,1.5,https://scryfall.com/card/fra/173/medics-kitesail,https://cards.scryfall.io/normal/front/8/b/8b07409a-1dce-461d-95e4-1130521ff4c4.jpg?1789556945
Murmuring Volume,Colorless,{3},3,Common,Artifact — Book,,,1.5,https://scryfall.com/card/fra/174/murmuring-volume,https://cards.scryfall.io/normal/front/d/6/d68eab2e-89dd-4377-b7af-01512b1804a0.jpg?1789385977
"Pia, Aether Ascetic",Green,{2}{G},3,Uncommon,Legendary Creature — Human Druid,2,2,1.5,https://scryfall.com/card/fra/264/pia-aether-ascetic,https://cards.scryfall.io/normal/front/f/f/ff0bc30f-9d20-458e-808f-bdc2825905a5.jpg?1789387120
Predictive Preparations,White,{1}{W},2,Common,Sorcery,,,1.5,https://scryfall.com/card/fra/16/predictive-preparations,https://cards.scryfall.io/normal/front/5/0/50a0e5f0-3c39-4f16-9a73-eec8ef71f12e.jpg?1789556696
Rampart Hunter,Black,{3}{B},4,Common,Creature — Horror,3,3,1.5,https://scryfall.com/card/fra/60/rampart-hunter,https://cards.scryfall.io/normal/front/f/4/f4a80225-7459-4151-86bb-8fdea31c39a6.jpg?1789127211
Solve for Disappointment,Black,{1}{B},2,Common,Sorcery,,,1.5,https://scryfall.com/card/fra/67/solve-for-disappointment,https://cards.scryfall.io/normal/front/7/b/7beaa8c9-1a2c-4c88-b579-91e371d8d9e3.jpg?1788878155
Sphinx's Approach,Blue,{1}{U}{U},3,Common,Instant,,,1.5,https://scryfall.com/card/fra/41/sphinxs-approach,https://cards.scryfall.io/normal/front/f/4/f49be090-c745-40e5-bc1c-605b8d98acdf.jpg?1789644816
Tam's Resistance,Multicolor (Blue/Green),{1}{G/U},2,Common,Sorcery,,,1.5,https://scryfall.com/card/fra/153/tams-resistance,https://cards.scryfall.io/normal/front/b/3/b3d33df2-a77b-4c2e-ba7f-2cc9c1505f9b.jpg?1788878215
Tether Technician,Red,{4}{R},5,Common,Creature — Minotaur Artificer,4,5,1.5,https://scryfall.com/card/fra/94/tether-technician,https://cards.scryfall.io/normal/front/b/7/b75bbf46-a421-467a-9433-6cf22398a3a5.jpg?1789556839
Tethermage's Advantage,Green,{G},1,Common,Instant,,,1.5,https://scryfall.com/card/fra/117/tethermages-advantage,https://cards.scryfall.io/normal/front/3/8/38589a7c-9cfb-4bcc-845e-9dc205095853.jpg?1789129937
"Tetsuko Umezawa, Fugitive",Blue,{1}{U},2,Uncommon,Legendary Creature — Human Rogue,1,3,1.5,https://scryfall.com/card/fra/221/tetsuko-umezawa-fugitive,https://cards.scryfall.io/normal/front/3/9/3983d71e-3c23-4b36-b331-08e0707d8245.jpg?1789127702
Theoretical Necromancer,Black,{2}{B},3,Common,Creature — Vampire Warlock,4,1,1.5,https://scryfall.com/card/fra/69/theoretical-necromancer,https://cards.scryfall.io/normal/front/e/3/e36a7908-1e22-494b-adb4-e72ac0974d62.jpg?1789556734
"Tomik, Izzet Sparkmage",Red,{1}{R},2,Uncommon,Legendary Creature — Human Wizard,1,2,1.5,https://scryfall.com/card/fra/253/tomik-izzet-sparkmage,https://cards.scryfall.io/normal/front/5/c/5c5afd5f-6f37-4c3e-83f0-68fdcea98810.jpg?1789729773
Void Extrapolator // Omit Variables,Black,{1}{B},2,Common,Creature — Aetherborn Warlock,2,2,1.5,https://scryfall.com/card/fra/70/void-extrapolator-omit-variables,https://cards.scryfall.io/normal/front/0/e/0eae2efb-bf25-48ee-9c07-9098008110ad.jpg?1789556787
Way of the Deathbringer,Black,{2}{B},3,Uncommon,Legendary Enchantment,,,1.5,https://scryfall.com/card/fra/238/way-of-the-deathbringer,https://cards.scryfall.io/normal/front/1/2/12dd46b2-e892-4660-b120-55766fd4d878.jpg?1789729576
Way of the Mentor,White,{2}{W},3,Uncommon,Legendary Enchantment,,,1.5,https://scryfall.com/card/fra/208/way-of-the-mentor,https://cards.scryfall.io/normal/front/1/a/1a59d5b1-12d6-486b-bd29-ca371359addd.jpg?1789729554
Way of the Mind Sculptor,Blue,{4}{U},5,Uncommon,Legendary Enchantment,,,1.5,https://scryfall.com/card/fra/224/way-of-the-mind-sculptor,https://cards.scryfall.io/normal/front/5/8/5838af68-66c3-4fe8-ab89-0a1721b0cfeb.jpg?1789729565
Way of the Paradox,Green,{2}{G},3,Uncommon,Legendary Enchantment,,,1.5,https://scryfall.com/card/fra/267/way-of-the-paradox,https://cards.scryfall.io/normal/front/9/8/98dc5470-507a-4364-8480-42607255e56c.jpg?1789729606
Whiplash Wordsmith // Vicious Verse,Multicolor (Black/Red),{3}{B/R},4,Common,Creature — Vampire Sorcerer,3,3,1.5,https://scryfall.com/card/fra/164/whiplash-wordsmith-vicious-verse,https://cards.scryfall.io/normal/front/8/0/8096bc9a-a610-448f-bef2-7230e17e9777.jpg?1789127692
"Winter, Team Player",Red,{4}{R},5,Uncommon,Legendary Creature — Human Warrior,3,3,1.5,https://scryfall.com/card/fra/256/winter-team-player,https://cards.scryfall.io/normal/front/d/f/df8713cd-3f4b-43ef-adbd-e37c2617c617.jpg?1789128020
"Winter, Tormented Loner",Black,{2}{B},3,Uncommon,Legendary Creature — Human Warlock,0,3,1.5,https://scryfall.com/card/fra/240/winter-tormented-loner,https://cards.scryfall.io/normal/front/9/6/9670f754-f41f-45ac-8e8b-025ad2c0f66b.jpg?1789127724
Wrecking Gecko,Green,{4}{G},5,Common,Artifact Creature — Lizard Construct,5,5,1.5,https://scryfall.com/card/fra/120/wrecking-gecko,https://cards.scryfall.io/normal/front/3/d/3d693cb0-681e-480a-8f70-07e94c39225c.jpg?1789385843
"Yargle, Glutton of Urborg",Black,{4}{B},5,Uncommon,Legendary Creature — Frog Spirit,9,3,1.5,https://scryfall.com/card/fra/241/yargle-glutton-of-urborg,https://cards.scryfall.io/normal/front/0/4/04c816fb-5951-4db1-8834-ed3f0b36bfe1.jpg?1789127722
"Yargle, Goliath of Otaria",Blue,{4}{U},5,Uncommon,Legendary Creature — Frog Spirit,3,9,1.5,https://scryfall.com/card/fra/225/yargle-goliath-of-otaria,https://cards.scryfall.io/normal/front/f/4/f45ba926-6496-4bd4-96eb-663946d56bbf.jpg?1789128043
"Yoshimaru, Beloved Companion",White,{2}{W},3,Uncommon,Legendary Creature — Dog,2,2,1.5,https://scryfall.com/card/fra/209/yoshimaru-beloved-companion,https://cards.scryfall.io/normal/front/3/8/384f3b7d-8d7f-41bf-bebd-64e8babe7fca.jpg?1789470881
Entrust the Spark,Multicolor (Blue/Green),{3}{G}{U},5,Rare,Sorcery,,,1.0,https://scryfall.com/card/fra/131/entrust-the-spark,https://cards.scryfall.io/normal/front/c/a/ca894d25-b9fc-4cd6-8746-70d8c2868721.jpg?1789614779
Eye of Jace,Colorless,{1},1,Uncommon,Artifact,,,1.0,https://scryfall.com/card/fra/170/eye-of-jace,https://cards.scryfall.io/normal/front/0/e/0edba64a-39cf-4a8d-ba20-4f7da10b6c3d.jpg?1789614864
Germinate Recruits,White,{2}{W},3,Rare,Instant,,,1.0,https://scryfall.com/card/fra/9/germinate-recruits,https://cards.scryfall.io/normal/front/1/b/1b5d7d19-b32a-4786-ae9a-00da5e6658ad.jpg?1789644810
"Karn, Argent Defender",Colorless,{2},2,Rare,Legendary Artifact Creature — Golem,1,3,1.0,https://scryfall.com/card/fra/279/karn-argent-defender,https://cards.scryfall.io/normal/front/1/e/1ebbbddb-2dc3-4194-b72b-13bcebe2ab89.jpg?1788878301
Loyal Tutor,White,{W},1,Rare,Instant,,,1.0,https://scryfall.com/card/fra/14/loyal-tutor,https://cards.scryfall.io/normal/front/4/9/490dae91-94ce-42a9-a11f-6c5e77c4e486.jpg?1788878096
Return to the Light Realms,White,{7}{W}{W},9,Mythic,Sorcery,,,1.0,https://scryfall.com/card/fra/20/return-to-the-light-realms,https://cards.scryfall.io/normal/front/9/e/9e72f397-2384-40f1-882b-f627664d97df.jpg?1788878107
"Tam, the Possibility",Multicolor (Blue/Green),{1}{G}{U},3,Rare,Legendary Creature — Gorgon Wizard,2,4,1.0,https://scryfall.com/card/fra/276/tam-the-possibility,https://cards.scryfall.io/normal/front/6/5/6529d399-677e-45a6-ac3e-12a0b10f6c37.jpg?1789644886
Way of the Necromancer,Black,{1}{B},2,Uncommon,Legendary Enchantment,,,1.0,https://scryfall.com/card/fra/239/way-of-the-necromancer,https://cards.scryfall.io/normal/front/a/0/a0ff9689-ea49-4fff-b37c-4abbaeb0f73d.jpg?1789729526
Way of the Pyromancer,Red,{1}{R},2,Uncommon,Legendary Enchantment,,,1.0,https://scryfall.com/card/fra/254/way-of-the-pyromancer,https://cards.scryfall.io/normal/front/c/1/c1a00020-7c14-4503-a057-5763704bb83e.jpg?1788878311
Cruel Calculations,Blue,{2}{U},3,Rare,Sorcery,,,0.5,https://scryfall.com/card/fra/26/cruel-calculations,https://cards.scryfall.io/normal/front/f/7/f76c4d8e-3e1f-4264-99af-1b8adb9a06be.jpg?1789127482
Essence Burn,Red,{1}{R},2,Uncommon,Instant,,,0.5,https://scryfall.com/card/fra/82/essence-burn,https://cards.scryfall.io/normal/front/d/2/d2e958de-70de-4156-8f9b-b2c0c1ba704a.jpg?1789470825
Extrapolate the Impossible,Black,{1}{B},2,Rare,Sorcery,,,0.5,https://scryfall.com/card/fra/55/extrapolate-the-impossible,https://cards.scryfall.io/normal/front/1/7/17fb6538-493c-41aa-ad13-3e63d3ad3317.jpg?1789729624
Flourishing Grapple,Green,{G},1,Uncommon,Instant,,,0.5,https://scryfall.com/card/fra/102/flourishing-grapple,https://cards.scryfall.io/normal/front/f/7/f71958e9-6d6d-4393-8b49-567103b50877.jpg?1789470852
Identity Echo,Red,{2}{R},3,Rare,Enchantment,,,0.5,https://scryfall.com/card/fra/87/identity-echo,https://cards.scryfall.io/normal/front/e/6/e600b33b-8916-43dd-95d3-d7cbf874933d.jpg?1789385968
Precise Redaction,Blue,{1}{U},2,Uncommon,Instant,,,0.5,https://scryfall.com/card/fra/36/precise-redaction,https://cards.scryfall.io/normal/front/9/2/9244efad-35ab-45c0-b173-4bc68276cb67.jpg?1789470790
Refute Destiny,White,{1}{W},2,Uncommon,Sorcery,,,0.5,https://scryfall.com/card/fra/18/refute-destiny,https://cards.scryfall.io/normal/front/2/c/2c588954-c6eb-4aae-a2fa-0651ccf2d90a.jpg?1789470778
Roiling Canopy,Colorless,,0,Rare,Land,,,0.5,https://scryfall.com/card/fra/187/roiling-canopy,https://cards.scryfall.io/normal/front/d/b/db61361b-bd12-453e-abc2-bbe09b66e3d9.jpg?1789514074
Terminal Criticism,Black,{1}{B},2,Uncommon,Instant,,,0.5,https://scryfall.com/card/fra/68/terminal-criticism,https://cards.scryfall.io/normal/front/7/e/7ebd7e38-b27c-4c6e-aaea-e8ee5ba5e5df.jpg?1789470810
Gardenize,Green,{1}{G}{G},3,Rare,Enchantment,,,0.0,https://scryfall.com/card/fra/103/gardenize,https://cards.scryfall.io/normal/front/9/3/930b89c3-4433-48de-829f-20fc3dbfced9.jpg?1789644837
Omnipresence,Green,{5}{G}{G}{G},8,Mythic,Enchantment,,,0.0,https://scryfall.com/card/fra/110/omnipresence,https://cards.scryfall.io/normal/front/e/a/eaf9dc77-c83b-49cf-84be-6bd791cb925e.jpg?1789470856
